Column,Cluster,Number,Categories,Description,Items,Locked,Framed,Column1
A,1,1,UNUSED,,,,,
A,1,2,UNUSED,,,,,
A,1,3,UNUSED,,,,,
A,1,4,UNUSED,,,,,
A,1,5,UNUSED,,,,,
A,1,6,UNUSED,,,,,
A,1,7,UNUSED,,,,,
A,1,8,UNUSED,,,,,
A,1,9,UNUSED,,,,,
B,1,1,UNUSED,,,,,
B,1,2,UNUSED,,,,,
B,1,3,UNUSED,,,,,
B,1,4,UNUSED,,,,,
B,1,5,UNUSED,,,,,
B,1,6,UNUSED,,,,,
B,1,7,UNUSED,,,,,
B,1,8,UNUSED,,,,,
B,1,9,UNUSED,,,,,
C,1,1,UNUSED,,,,,
C,1,2,UNUSED,,,,,
C,1,3,UNUSED,,,,,
C,1,4,UNUSED,,,,,
C,1,5,UNUSED,,,,,
C,1,6,UNUSED,,,,,
C,1,7,UNUSED,,,,,
C,1,8,UNUSED,,,,,
C,1,9,UNUSED,,,,,
