Column,Cluster,Number,Categories,Description,Items,Locked,Framed,Column1
A,1,1,Storage & Item Transport,Chests,,,,
A,1,2,Storage & Item Transport,Copper Chest,,,,
A,1,3,Storage & Item Transport,Ender Chest,,,,
A,1,4,Storage & Item Transport,Barrel,,,,
A,1,5,Storage & Item Transport,Shulker Box,,,,
A,1,6,Storage & Item Transport,Shulker Box,,,,
A,1,7,Storage & Item Transport,Shulker Box,,,,
A,1,8,Storage & Item Transport,Shulker Box,,,,
A,1,9,Storage & Item Transport,Shulker Box,,,,
A,2,1,Armor & Equipment,Boots,,,,
A,2,2,Armor & Equipment,Chestplates,,,,
A,2,3,Armor & Equipment,Elytra,,,,
A,2,4,Armor & Equipment,Helmets,,,,
A,2,5,Armor & Equipment,Horse Armor,,,,
A,2,6,Armor & Equipment,Leggings,,,,
A,2,7,Armor & Equipment,Saddles,,,,
A,2,8,Armor & Equipment,Shields,,,,
A,2,9,Armor & Equipment,,,,,
B,1,1,Base Terrain - Dirt Family,Clay,,,,
B,1,2,Base Terrain - Dirt Family,Grass Block,,,,
B,1,3,Base Terrain - Dirt Family,,,,,
B,1,4,Base Terrain - Dirt Family,Dirt,,,,
B,1,5,Base Terrain - Dirt Family,Dirt,,,,
B,1,6,Base Terrain - Dirt Family,Mud,Mud|Packed Mud,,,
B,1,7,Base Terrain - Dirt Family,Podzol,,,,
B,1,8,Base Terrain - Dirt Family,Rooted Dirt,Rooted Dirt|Coarse Dirt,,,
B,1,9,Base Terrain - Dirt Family,Dirt Path,,,,
B,2,1,Weapons & Combat Gear,Arrows,,,,
B,2,2,Weapons & Combat Gear,Axes,,,,
B,2,3,Weapons & Combat Gear,Bows,,,,
B,2,4,Weapons & Combat Gear,Crossbows,,,,
B,2,5,Weapons & Combat Gear,Spears,,,,
B,2,6,Weapons & Combat Gear,Swords,,,,
B,2,7,Weapons & Combat Gear,Tridents,,,,
B,2,8,Weapons & Combat Gear,Fire Charges,,,,
B,2,9,Weapons & Combat Gear,,,,,
C,1,1,Navigation & Transport,Boats (All),,,,
C,1,2,Navigation & Transport,Compass,,,,
C,1,3,Navigation & Transport,Lodestone,,,,
C,1,4,Navigation & Transport,Maps (All),,,,
C,1,5,Navigation & Transport,Minecarts (All),,,,
C,1,6,Navigation & Transport,Rails (All),,,,
C,1,7,Navigation & Transport,Rockets,,,,
C,1,8,Navigation & Transport,Clock,,,,
C,1,9,Navigation & Transport,,,,,
C,2,1,Tools,Fishing Rods,Fishing Rod|Carrot on a Stick,,,
C,2,2,Tools,Hoes,,,,
C,2,3,Tools,Pickaxes,,,,
C,2,4,Tools,Shears,,,,
C,2,5,Tools,Shovels,,,,
C,2,6,Tools,,,,,
C,2,7,Tools,,,,,
C,2,8,Tools,,,,,
C,2,9,Tools,,,,,
D,1,1,Enchanting & Magic,Books & Bookshelves,,,,
D,1,2,Enchanting & Magic,Enchanted Books,,,,
D,1,3,Enchanting & Magic,Glass Bottles & Experience Bottles,Glass Bottle,,,
D,1,4,Enchanting & Magic,Paper,,,,
D,1,5,Enchanting & Magic,Potions,Experience Bottle|Bottle o' Enchanting|Dragon Breath|Potion|Splash Potion,,,
D,1,6,Enchanting & Magic,,,,,
D,1,7,Enchanting & Magic,,,,,
D,1,8,Enchanting & Magic,,,,,
D,1,9,Enchanting & Magic,,,,,
D,2,1,UNUSED,,,,,
D,2,2,UNUSED,,,,,
D,2,3,UNUSED,,,,,
D,2,4,UNUSED,,,,,
D,2,5,UNUSED,,,,,
D,2,6,UNUSED,,,,,
D,2,7,UNUSED,,,,,
D,2,8,UNUSED,,,,,
D,2,9,UNUSED,,,,,
E,1,1,Lighting & Illumination,Candles (All),,,,
E,1,2,Lighting & Illumination,End Rods,,,,
E,1,3,Lighting & Illumination,Froglights (All Types),,,,
E,1,4,Lighting & Illumination,Lanterns (Normal & Soul),,,,
E,1,5,Lighting & Illumination,Redstone Lamps,,,,
E,1,6,Lighting & Illumination,,,,,
E,1,7,Lighting & Illumination,Sea Lanterns,,,,
E,1,8,Lighting & Illumination,Torches (Normal & Soul),,,,
E,1,9,Lighting & Illumination,,,,,
E,2,1,Decorative Materials,Bricks,Brick|Bricks|Brick Block,,,
E,2,2,Decorative Materials,Carpet (All Colors),,,,
E,2,3,Decorative Materials,Concrete,,,,
E,2,4,Decorative Materials,Concrete Powder,,,,
E,2,5,Decorative Materials,Copper Blocks (Cut/Chiseled/Bricks/Tiles),,,,
E,2,6,Decorative Materials,Copper Components (Grates/Bulbs/Doors/Trapdoors),,,,
E,2,7,Decorative Materials,Dyes (All Colors),,,,
E,2,8,Decorative Materials,Glass,Glass|Glass Panel,,,
E,2,9,Decorative Materials,Glass Panes,,,,
F,1,1,Decorative Artifacts,Armor Trims & Banner Patterns,,,,
F,1,2,Decorative Artifacts,Pottery Sherds (All),,,,
F,1,3,Decorative Artifacts,Sniffer Eggs,,,,
F,1,4,Decorative Artifacts,Flower Pot,,,,
F,1,5,Decorative Artifacts,Painting,,,,
F,1,6,Decorative Artifacts,,,,,
F,1,7,Decorative Artifacts,,,,,
F,1,8,Decorative Artifacts,,,,,
F,1,9,Decorative Artifacts,,,,,
F,2,1,Decorative Materials,Nether Bricks,,,,
F,2,2,Decorative Materials,Quartz Blocks,,,,
F,2,3,Decorative Materials,Stained Glass (Colors),,,,
F,2,4,Decorative Materials,Terracotta (All / Colored / Glazed),Terracotta|Hardened Clay|Blue Glazed Terracotta|Blue Terracotta|Brown Terracotta|Light Blue Glazed Terracotta|Light Blue Terracotta|Light Gray Terracotta|Orange Terracotta|Red Glazed Terracotta|Red Terracotta|White Terracotta|Yellow Terracotta,,,
F,2,5,Decorative Materials,Wool (All Colors),,,,
F,2,6,Decorative Materials,Iron Chain,,,,
F,2,7,Decorative Materials,Stardust Wallpaper,,,,
F,2,8,Decorative Materials,,,,,
F,2,9,Decorative Materials,,,,,
G,1,1,Wood Components,Sticks,Stick,,,
G,1,2,Wood Components,Bowls,Bowl|Mushroom Stew,,,
G,1,3,UNUSED,,,,,
G,1,4,UNUSED,,,,,
G,1,5,UNUSED,,,,,
G,1,6,UNUSED,,,,,
G,1,7,UNUSED,,,,,
G,1,8,UNUSED,,,,,
G,1,9,UNUSED,,,,,
G,2,1,Building Shapes,Iron Bars,,,,
G,2,2,Building Shapes,Stone & Mineral Slabs (All),,,,
G,2,3,Building Shapes,Stone & Mineral Stairs (All),,,,
G,2,4,Building Shapes,Stone Walls,Andesite Wall|Blackstone Wall|Brick Wall|Cobbled Deepslate Wall|Cobblestone Wall|Deepslate Brick Wall|Deepslate Tile Wall|Diorite Wall|End Stone Brick Wall|Granite Wall|Mossy Cobblestone Wall|Mossy Stone Brick Wall|Mud Brick Wall|Nether Brick Wall|Polished Blackstone Brick Wall|Polished Blackstone Wall|Polished Deepslate Wall|Prismarine Wall|Red Nether Brick Wall|Red Sandstone Wall|Sandstone Wall|Stone Brick Wall|Tuff Brick Wall|Tuff Wall,,,
G,2,5,Building Shapes,Wood Fences & Gates (All),Acacia Fence|Acacia Fence Gate|Bamboo Fence|Bamboo Fence Gate|Birch Fence|Birch Fence Gate|Cherry Fence|Cherry Fence Gate|Crimson Fence|Crimson Fence Gate|Dark Oak Fence|Dark Oak Fence Gate|Fence Gate|Jungle Fence|Jungle Fence Gate|Oak Fence|Oak Fence Gate|Pale Oak Fence|Pale Oak Fence Gate|Spruce Fence|Spruce Fence Gate|Warped Fence|Warped Fence Gate,,,
G,2,6,Building Shapes,Wood Slabs (All),,,,
G,2,7,Building Shapes,Wood Stairs (All),Acacia Stairs|Bamboo Stairs|Bamboo Mosaic Stairs|Birch Stairs|Cherry Stairs|Crimson Stairs|Dark Oak Stairs|Jungle Stairs|Mangrove Stairs|Oak Stairs|Pale Oak Stairs|Spruce Stairs|Warped Stairs,,,
G,2,8,Building Shapes,Special Fences & Gates (All),Mangrove Fence|Nether Brick Fence,,,
G,2,9,Building Shapes,,,,,
H,1,1,Building Utilities,Buckets (Empty & Fluid),,,,
H,1,2,Building Utilities,Crafting Table,,,,
H,1,3,Building Utilities,Furnace,,,,
H,1,4,Building Utilities,Item Frames (Normal & Glow),,,,
H,1,5,Building Utilities,Ladders,,,,
H,1,6,Building Utilities,Scaffolding,,,,
H,1,7,Building Utilities,Cauldron,,,,
H,1,8,Building Utilities,,,,,
H,1,9,Building Utilities,Anvil,,,,
H,2,1,Core Stone & Deepslate,Andesite (All),,,,
H,2,2,Core Stone & Deepslate,Bricks Variants,,,,
H,2,3,Core Stone & Deepslate,Cobbled Deepslate,,,,
H,2,4,Core Stone & Deepslate,Cobblestone,,,,
H,2,5,Core Stone & Deepslate,Deepslate,,,,
H,2,6,Core Stone & Deepslate,Diorite (All),Diorite|Polished Diorite,,,
H,2,7,Core Stone & Deepslate,Granite (All),,,,
H,2,8,Core Stone & Deepslate,Polished Deepslate,,,,
H,2,9,Core Stone & Deepslate,Smooth Stone,,,,
I,1,1,Exotic & Biome Stone,Amethyst Block,,,,
I,1,2,Exotic & Biome Stone,Amethyst Shard,,,,
I,1,3,Exotic & Biome Stone,Basalt,Basalt|Smooth Basalt,,,
I,1,4,Exotic & Biome Stone,Blackstone,,,,
I,1,5,Exotic & Biome Stone,Blackstone Bricks,,,,
I,1,6,Exotic & Biome Stone,Calcite,,,,
I,1,7,Exotic & Biome Stone,Dripstone Block,,,,
I,1,8,Exotic & Biome Stone,Gilded Blackstone,,,,
I,1,9,Exotic & Biome Stone,Pointed Dripstone,,,,
I,2,1,Core Stone & Deepslate,,,,,
I,2,2,Core Stone & Deepslate,Stone,,,,
I,2,3,Core Stone & Deepslate,Stone Bricks,,,,
I,2,4,Core Stone & Deepslate,Tuff (All),,,,
I,2,5,Core Stone & Deepslate,Stone,,,,
I,2,6,Core Stone & Deepslate,Calcite,,,,
I,2,7,Core Stone & Deepslate,,,,,
I,2,8,Core Stone & Deepslate,Stone,,,,
I,2,9,Core Stone & Deepslate,,,,,
J,1,1,Exotic & Biome Stone,,,,,
J,1,2,Exotic & Biome Stone,Polished Blackstone,,,,
J,1,3,Exotic & Biome Stone,,,,,
J,1,4,Exotic & Biome Stone,Purpur Block,Purpur Block|Purpur Pillar|Purpur Bricks,,,
J,1,5,Exotic & Biome Stone,End Stone,,,,
J,1,6,Exotic & Biome Stone,Sculk Functions,Sculk Shrieker|Sculk Sensor|Sculk Catalyst,,,
J,1,7,Exotic & Biome Stone,Sculk,,,,
J,1,8,Exotic & Biome Stone,Sculk Vein,,,,
J,1,9,Exotic & Biome Stone,,,,,
J,2,1,Fungi & Bioluminescence,Mushroom Blocks,Red Mushroom Block|Brown Mushroom Block|Mushroom Stem,,,
J,2,2,Fungi & Bioluminescence,,,,,
J,2,3,Fungi & Bioluminescence,,,,,
J,2,4,Fungi & Bioluminescence,Glow Lichen,,,
J,2,5,Fungi & Bioluminescence,,,,,
J,2,6,Fungi & Bioluminescence,,,,,
J,2,7,Fungi & Bioluminescence,,,,,
J,2,8,Fungi & Bioluminescence,,,,,
J,2,9,Fungi & Bioluminescence,,,,,
K,1,1,Organic Terrain & Flora,Flowers (All),Azure Bluet|Blue Orchid|Cactus Flower|Cornflower|Dandelion|Lilac|Lily Of The Valley|Open Eyeblossom|Orange Tulip|Oxeye Daisy|Peony|Pink Tulip|Poppy|Red Tulip|Rose Bush|Sunflower|Torchflower|White Tulip|Wildflowers|Wither Rose,,,
K,1,2,Organic Terrain & Flora,Dead Plant Matter,Leaf Litter|Tall Dry Grass|Short Dry Grass|Dead Bush,,,
K,1,3,Organic Terrain & Flora,Moss Block,Moss Block|Pale Moss Block|Pale Hanging Moss|Moss Carpet|Pale Moss Carpet,,,
K,1,4,Organic Terrain & Flora,Growing Plants,Fern|Firefly Bush|Lily Pad|Seagrass|Small Dripleaf Block|Big Dripleaf,,,
K,1,5,Organic Terrain & Flora,Mycelium,,,,
K,1,6,Organic Terrain & Flora,Pitcher Pods,Pitcher Pod|Pitcher Plant,,,
K,1,7,Organic Terrain & Flora,Sea Pickles,,,,
K,1,8,Organic Terrain & Flora,Torchflower Seeds,,,,
K,1,9,Organic Terrain & Flora,Azalea,Azalea|Flowering Azalea|Bush|Tall Grass|Short Grass,,,
K,2,1,"Sand, Gravel & Sandstone",Chiseled Sandstone,,,,
K,2,2,"Sand, Gravel & Sandstone",Cut Sandstone,,,,
K,2,3,"Sand, Gravel & Sandstone",Flint,,,,
K,2,4,"Sand, Gravel & Sandstone",Gravel,,,,
K,2,5,"Sand, Gravel & Sandstone",Red Sand,,,,
K,2,6,"Sand, Gravel & Sandstone",Red Sandstone (All Variants),,,,
K,2,7,"Sand, Gravel & Sandstone",Sand,,,,
K,2,8,"Sand, Gravel & Sandstone",Sandstone,,,,
K,2,9,"Sand, Gravel & Sandstone",Smooth Sandstone,,,,
L,1,1,Cold & Frozen Terrain,Blue Ice,,,,
L,1,2,Cold & Frozen Terrain,Ice,,,,
L,1,3,Cold & Frozen Terrain,Packed Ice,,,,
L,1,4,Cold & Frozen Terrain,Powder Snow Bucket,,,,
L,1,5,Cold & Frozen Terrain,Snow,,,,
L,1,6,Cold & Frozen Terrain,Snow Block,,,,
L,1,7,Cold & Frozen Terrain,Snowballs,,,,
L,1,8,Cold & Frozen Terrain,,,,,
L,1,9,Cold & Frozen Terrain,,,,,
L,2,1,Ores & Raw Metals,Ancient Debris / Netherite (All Forms),,,,
L,2,2,Ores & Raw Metals,Coal (All Forms),,,,
L,2,3,Ores & Raw Metals,Copper (All Forms),,,,
L,2,4,Ores & Raw Metals,Diamond (All Forms),,,,
L,2,5,Ores & Raw Metals,Emerald (All Forms),,,,
L,2,6,Ores & Raw Metals,Gold (All Forms),,,,
L,2,7,Ores & Raw Metals,Iron (All Forms),,,,
L,2,8,Ores & Raw Metals,Lapis (All Forms),,,,
L,2,9,Ores & Raw Metals,Redstone (All Forms),,,,
M,1,1,Farming - Plant Materials,Bamboo & Bamboo Blocks,,,,
M,1,2,Farming - Plant Materials,Cactus,,,,
M,1,3,Farming - Plant Materials,Cocoa Beans,,,,
M,1,4,Farming - Plant Materials,Kelp,,,,
M,1,5,Farming - Plant Materials,Sugar Cane,,,,
M,1,6,Farming - Plant Materials,Turtle Eggs,,,,
M,1,7,Farming - Plant Materials,,,,,
M,1,8,Farming - Plant Materials,,,,,
M,1,9,Farming - Plant Materials,,,,,
M,2,1,Farming - Vegetables,Beetroot & Seeds,,,,
M,2,2,Farming - Vegetables,Carrots,,,,
M,2,3,Farming - Vegetables,Mushrooms,,,,
M,2,4,Farming - Vegetables,Potatoes,,,,
M,2,5,Farming - Vegetables,Pumpkins & Seeds,,,,
M,2,6,Farming - Vegetables,Wheat & Seeds,Hay Block|Wheat|Wheat Seeds,,,
M,2,7,Farming - Vegetables,,,,,
M,2,8,Farming - Vegetables,,,,,
M,2,9,Farming - Vegetables,,,,,
N,1,1,Farming - Prepared Foods,Baked Goods (Cookies / Cake / Pies),,,,
N,1,2,Farming - Prepared Foods,Bread,,,,
N,1,3,Farming - Prepared Foods,Golden Apples (All),,,,
N,1,4,Farming - Prepared Foods,Golden Carrots,,,,
N,1,5,Farming - Prepared Foods,Stews & Soups (All),,,,
N,1,6,Farming - Prepared Foods,,,,,
N,1,7,Farming - Prepared Foods,,,,,
N,1,8,Farming - Prepared Foods,,,,,
N,1,9,Farming - Prepared Foods,,,,,
N,2,1,Farming - Fruits,Apples,,,,
N,2,2,Farming - Fruits,Glow Berries,,,,
N,2,3,Farming - Fruits,Melons,,,,
N,2,4,Farming - Fruits,Sweet Berries,,,,
N,2,5,Farming - Fruits,,,,,
N,2,6,Farming - Fruits,,,,,
N,2,7,Farming - Fruits,,,,,
N,2,8,Farming - Fruits,,,,,
N,2,9,Farming - Fruits,,,,,
O,1,1,Sulfur Biome,Sulfur Biome Items,Sulfur|Cinnabar|Sulfur Spike|Potent Sulfur|Bucket of Sulfur Cube,,,
O,1,2,UNUSED,,,,,
O,1,3,UNUSED,,,,,
O,1,4,UNUSED,,,,,
O,1,5,UNUSED,,,,,
O,1,6,UNUSED,,,,,
O,1,7,UNUSED,,,,,
O,1,8,UNUSED,,,,,
O,1,9,UNUSED,,,,,
O,2,1,Farming - Meats & Animal Products,Cooked Fish,,,,
O,2,2,Farming - Meats & Animal Products,Cooked Meats (All),,,,
O,2,3,Farming - Meats & Animal Products,Eggs,,,,
O,2,4,Farming - Meats & Animal Products,Honey Bottles / Honeycomb,,,,
O,2,5,Farming - Meats & Animal Products,Raw Fish,Cod|Salmon,,,
O,2,6,Farming - Meats & Animal Products,Raw Meats (All),Beef|Chicken|Mutton|Porkchop|Rabbit,,,
O,2,7,Farming - Meats & Animal Products,Pufferfish,,,,
O,2,8,Farming - Meats & Animal Products,Tropical Fish,,,,
O,2,9,Farming - Meats & Animal Products,,,,,
P,1,1,Utilities,Armor Stands,,,,
P,1,2,Utilities,Beds (All Colors),,,,
P,1,3,Utilities,Bells,,,,
P,1,4,Utilities,Doors (All),,,,
P,1,5,Utilities,Flint and Steel,,,,
P,1,6,Utilities,Job Site Blocks (All),Blast Furnace|Brewing Stand|Cartography Table|Composter|Fletching Table|Grindstone|Lectern|Smithing Table|Stonecutter Block,,,
P,1,7,Utilities,Leads,,,,
P,1,8,Utilities,Mob Buckets (All Mobs),,,,
P,1,9,Utilities,Name Tags,,,,
P,2,1,Overworld Wood - Growth Material,Leaves (All Types),Acacia Leaves|Azalea Leaves|Azalea Leaves Flowered|Birch Leaves|Cherry Leaves|Dark Oak Leaves|Jungle Leaves|Mangrove Leaves|Mangrove Roots|Oak Leaves|Spruce Leaves,,,
P,2,2,Overworld Wood - Growth Material,Saplings (All Types),Acacia Sapling|Birch Sapling|Cherry Sapling|Dark Oak Sapling|Jungle Sapling|Mangrove Propagule|Oak Sapling|Pale Oak Sapling|Spruce Sapling,,,
P,2,3,Overworld Wood - Growth Material,,,,,
P,2,4,Overworld Wood - Growth Material,,,,,
P,2,5,Overworld Wood - Growth Material,,,,,
P,2,6,Overworld Wood - Growth Material,,,,,
P,2,7,Overworld Wood - Growth Material,,,,,
P,2,8,Overworld Wood - Growth Material,,,,,
P,2,9,Overworld Wood - Growth Material,,,,,
Q,1,1,Utilities,Signs & Hanging Signs (All),Acacia Hanging Sign|Acacia Sign|Bamboo Hanging Sign|Bamboo Sign|Birch Hanging Sign|Birch Sign|Cherry Hanging Sign|Cherry Sign|Crimson Hanging Sign|Crimson Sign|Dark Oak Hanging Sign|Dark Oak Sign|Jungle Hanging Sign|Jungle Sign|Mangrove Hanging Sign|Mangrove Sign|Oak Hanging Sign|Oak Sign|Pale Oak Hanging Sign|Pale Oak Sign|Spruce Hanging Sign|Spruce Sign|Warped Hanging Sign|Warped Sign,,,
Q,1,2,Utilities,Sponge,,,,
Q,1,3,Utilities,Trapdoors (All),Acacia Trapdoor|Bamboo Trapdoor|Birch Trapdoor|Cherry Trapdoor|Crimson Trapdoor|Dark Oak Trapdoor|Iron Trapdoor|Jungle Trapdoor|Mangrove Trapdoor|Oak Trapdoor|Oxidized Copper Trapdoor|Pale Oak Trapdoor|Spruce Trapdoor|Trapdoor|Warped Trapdoor,,,
Q,1,4,Utilities,,,,,
Q,1,5,Utilities,,,,,
Q,1,6,Utilities,,,,,
Q,1,7,Utilities,,,,,
Q,1,8,Utilities,,,,,
Q,1,9,Utilities,,,,,
Q,2,1,Overworld Wood - Logs,Acacia Logs,Acacia Log|Acacia Wood|Stripped Acacia Log|Stripped Acacia Wood,,,
Q,2,2,Overworld Wood - Logs,Birch Logs,Birch Log|Birch Wood|Stripped Birch Log|Stripped Birch Wood,,,
Q,2,3,Overworld Wood - Logs,Cherry Logs,Cherry Log|Cherry Wood|Stripped Cherry Log|Stripped Cherry Wood,,,
Q,2,4,Overworld Wood - Logs,Dark Oak Logs,Dark Oak Log|Dark Oak Wood|Stripped Dark Oak Log|Stripped Dark Oak Wood,,,
Q,2,5,Overworld Wood - Logs,Jungle Logs,Jungle Log|Jungle Wood|Stripped Jungle Log|Stripped Jungle Wood,,,
Q,2,6,Overworld Wood - Logs,Mangrove Logs,Mangrove Log|Mangrove Wood|Stripped Mangrove Log|Stripped Mangrove Wood,,,
Q,2,7,Overworld Wood - Logs,Oak Logs,Oak Log|Oak Wood|Stripped Oak Log|Stripped Oak Wood,,,
Q,2,8,Overworld Wood - Logs,Pale Oak Logs,Pale Oak Log|Pale Oak Wood|Stripped Pale Oak Log|Stripped Pale Oak Wood,,,
Q,2,9,Overworld Wood - Logs,Spruce Logs,Spruce Log|Spruce Wood|Stripped Spruce Log|Stripped Spruce Wood,,,
R,1,1,Oceanic Materials,Coral Blocks (All Types),,,,
R,1,2,Oceanic Materials,Coral Fans (All Types),,,,
R,1,3,Oceanic Materials,,,,,
R,1,4,Oceanic Materials,Dark Prismarine,,,,
R,1,5,Oceanic Materials,Prismarine,,,,
R,1,6,Oceanic Materials,Prismarine Bricks,,,,
R,1,7,Oceanic Materials,Prismarine Crystals,,,,
R,1,8,Oceanic Materials,Prismarine Shards,,,,
R,1,9,Oceanic Materials,,,,,
R,2,1,Overworld Wood - Planks,Acacia Planks,,,,
R,2,2,Overworld Wood - Planks,Birch Planks,,,,
R,2,3,Overworld Wood - Planks,Cherry Planks,,,,
R,2,4,Overworld Wood - Planks,Dark Oak Planks,,,,
R,2,5,Overworld Wood - Planks,Jungle Planks,,,,
R,2,6,Overworld Wood - Planks,Mangrove Planks,,,,
R,2,7,Overworld Wood - Planks,Oak Planks,,,,
R,2,8,Overworld Wood - Planks,Pale Oak Planks,,,,
R,2,9,Overworld Wood - Planks,Spruce Planks,,,,
S,1,1,Nether Materials,Campfires (Normal & Soul),,,,
S,1,2,Nether Materials,Crimson Nylium,,,,
S,1,3,Nether Materials,Crimson Stems & Planks,,,,
S,1,4,Nether Materials,Fungus (Crimson & Warped),,,,
S,1,5,Nether Materials,Glowstone & Glowstone Dust,,,,
S,1,6,Nether Materials,Magma Block,,,,
S,1,7,Nether Materials,Magma Columns (Addon),Magma Column,,,
S,1,8,Nether Materials,Nether Wart & Wart Block,,,,
S,1,9,Nether Materials,Netherrack,,,,
S,2,1,Redstone & Logic,Buttons (All),,,,
S,2,2,Redstone & Logic,Comparator,,,,
S,2,3,Redstone & Logic,Repeater,,,,
S,2,4,Redstone & Logic,Dispenser,,,,
S,2,5,Redstone & Logic,Observer,,,,
S,2,6,Redstone & Logic,Dropper,,,,
S,2,7,Redstone & Logic,Pressure Plates (All),,,,
S,2,8,Redstone & Logic,Redstone Dust,,,,
S,2,9,Redstone & Logic,Redstone Torch,,,,
T,1,1,Nether Materials,Obsidian & Crying Obsidian,,,,
T,1,2,Nether Materials,Quartz Ore & Quartz,,,,
T,1,3,Nether Materials,Shroomlight,,,,
T,1,4,Nether Materials,Soul Sand,,,,
T,1,5,Nether Materials,Soul Soil,,,,
T,1,6,Nether Materials,Vines (Twisting & Weeping),,,,
T,1,7,Nether Materials,Warped Nylium,,,,
T,1,8,Nether Materials,Warped Stems & Planks,,,,
T,1,9,Nether Materials,Crimson Roots,,,,
T,2,1,Redstone & Logic,Levers,Lever,,,
T,2,2,Redstone & Logic,Sticky Piston,,,,
T,2,3,Redstone & Logic,Piston,,,,
T,2,4,Redstone & Logic,Lightning Rods,,,,
T,2,5,Redstone & Logic,Hopper,,,,
T,2,6,Redstone & Logic,Light Sensor,,,,
T,2,7,Redstone & Logic,,,,,
T,2,8,Redstone & Logic,,,,,
T,2,9,Redstone & Logic,,,,,
U,1,1,Rare & Boss Mob Drops,Armadillo Scute,,,,
U,1,2,Rare & Boss Mob Drops,Blaze Powder,,,,
U,1,3,Rare & Boss Mob Drops,Chorus Fruit,,,,
U,1,4,Rare & Boss Mob Drops,Dragon Breath,,,,
U,1,5,Rare & Boss Mob Drops,Echo Shard,,,,
U,1,6,Rare & Boss Mob Drops,Eye of Ender,,,,
U,1,7,Rare & Boss Mob Drops,Heart of the Sea,,,,
U,1,8,Rare & Boss Mob Drops,Heavy Core,,,,
U,1,9,Rare & Boss Mob Drops,Nether Star,,,,
U,2,1,Mob Drops & Loot,Blaze Rod,,,,
U,2,2,Mob Drops & Loot,Bone Meal,,,,
U,2,3,Mob Drops & Loot,Bones,,,,
U,2,4,Mob Drops & Loot,Breeze Rods,,,,
U,2,5,Mob Drops & Loot,Ender Pearl,,,,
U,2,6,Mob Drops & Loot,Feathers,,,,
U,2,7,Mob Drops & Loot,Ghast Tear,,,,
U,2,8,Mob Drops & Loot,Glow Ink Sac,,,,
U,2,9,Mob Drops & Loot,Gunpowder,,,,
V,1,1,Rare & Boss Mob Drops,Popped Chorus Fruit,,,,
V,1,2,Rare & Boss Mob Drops,Shulker Shell,,,,
V,1,3,Rare & Boss Mob Drops,Totem of Undying,,,,
V,1,4,Rare & Boss Mob Drops,Wither Skeleton Skull,,,,
V,1,5,Rare & Boss Mob Drops,Trial Keys,Ominous Trial Key|Trial Key,,,
V,1,6,Rare & Boss Mob Drops,Ominous Bottle,,,,
V,1,7,Rare & Boss Mob Drops,Dragon Head,,,,
V,1,8,Rare & Boss Mob Drops,Chorus Fruit,,,,
V,1,9,Rare & Boss Mob Drops,,,,,
V,2,1,Mob Drops & Loot,Ink Sac,,,,
V,2,2,Mob Drops & Loot,Leather,,,,
V,2,3,Mob Drops & Loot,Magma Cream,,,,
V,2,4,Mob Drops & Loot,Nautilus Shell,,,,
V,2,5,Mob Drops & Loot,Phantom Membrane,,,,
V,2,6,Mob Drops & Loot,Rotten Flesh,,,,
V,2,7,Mob Drops & Loot,Slimeball,,,,
V,2,8,Mob Drops & Loot,Spider Eye,,,,
V,2,9,Mob Drops & Loot,String,,,,
W,1,1,UNUSED,,,,,
W,1,2,UNUSED,,,,,
W,1,3,UNUSED,,,,,
W,1,4,UNUSED,,,,,
W,1,5,UNUSED,,,,,
W,1,6,UNUSED,,,,,
W,1,7,UNUSED,,,,,
W,1,8,UNUSED,,,,,
W,1,9,UNUSED,,,,,
W,2,1,Mob Drops & Loot,TNT,,,,
W,2,2,Mob Drops & Loot,Wind Charges,,,,
W,2,3,Mob Drops & Loot,Rabbit Hide,,,,
W,2,4,Mob Drops & Loot,Resin Clump,,,,
W,2,5,Mob Drops & Loot,Rabbit Foot,,,,
W,2,6,Mob Drops & Loot,Creaking Heart,,,,
W,2,7,Mob Drops & Loot,,,,,
W,2,8,Mob Drops & Loot,,,,,
W,2,9,Mob Drops & Loot,,,,,
X,1,1,UNUSED,,,,,
X,1,2,UNUSED,,,,,
X,1,3,UNUSED,,,,,
X,1,4,UNUSED,,,,,
X,1,5,UNUSED,,,,,
X,1,6,UNUSED,,,,,
X,1,7,UNUSED,,,,,
X,1,8,UNUSED,,,,,
X,1,9,UNUSED,,,,,
X,2,1,UNUSED,,,,,
X,2,2,UNUSED,,,,,
X,2,3,UNUSED,,,,,
X,2,4,UNUSED,,,,,
X,2,5,UNUSED,,,,,
X,2,6,UNUSED,,,,,
X,2,7,UNUSED,,,,,
X,2,8,UNUSED,,,,,
X,2,9,UNUSED,,,,,
